{"milestones":[{"end_date":"03-26-2023","flag":"internal","owner_id":"805006590","is_workfield_removed":false,"link":{"self":{"url":"https://projectsapi.zoho.com/restapi/portal/805006628/projects/2095560000000048229/milestones/2095560000000051005/"},"status":{"url":"https://projectsapi.zoho.com/restapi/portal/805006628/projects/2095560000000048229/milestones/2095560000000051005/status/"}},"project":{"name":"Mina Codes","id":"2095560000000048229"},"start_date_long":1679257800000,"status_det":{"name":"Completed","colorcode":"#f56b62","id":"2095560000000038023"},"end_date_long":1679776200000,"end_date_format":"03-26-2023 12:00:00 AM","completed_date":"04-04-2023","owner_zpuid":"2095560000000046003","last_updated_time_long":1681250237220,"id":2095560000000051005,"start_date":"03-20-2023","created_time_long":1678368677193,"created_time":"03-09-2023","owner_name":"minasung8","created_time_format":"03-09-2023 05:01:17 PM","start_date_format":"03-20-2023 12:00:00 AM","tags":[{"name":"SheCodes","id":"2095560000000051001","color_class":"bg-tag10"},{"name":"HTML","id":"2095560000000051144","color_class":"bg-tag18"},{"name":"CSS","id":"2095560000000051176","color_class":"bg-tag6"}],"sequence":1,"has_comments":"false","last_updated_time":"04-12-2023","completed_date_long":1680619402850,"completed_date_format":"04-04-2023 06:13:22 PM","comments_count":"0","name":"Pr1: SheCodes Basics Week 1/3","id_string":"2095560000000051005","closed":true,"last_updated_time_format":"04-12-2023 01:27:17 AM","status":"completed"},{"end_date":"04-02-2023","flag":"internal","owner_id":"805006590","is_workfield_removed":false,"link":{"self":{"url":"https://projectsapi.zoho.com/restapi/portal/805006628/projects/2095560000000048229/milestones/2095560000000051210/"},"status":{"url":"https://projectsapi.zoho.com/restapi/portal/805006628/projects/2095560000000048229/milestones/2095560000000051210/status/"}},"project":{"name":"Mina Codes","id":"2095560000000048229"},"start_date_long":1679862600000,"status_det":{"name":"Completed","colorcode":"#f56b62","id":"2095560000000038023"},"end_date_long":1680381000000,"end_date_format":"04-02-2023 12:00:00 AM","completed_date":"04-04-2023","owner_zpuid":"2095560000000046003","last_updated_time_long":1681250233090,"id":2095560000000051210,"start_date":"03-27-2023","created_time_long":1678399782999,"created_time":"03-10-2023","owner_name":"minasung8","created_time_format":"03-10-2023 01:39:42 AM","start_date_format":"03-27-2023 12:00:00 AM","tags":[{"name":"SheCodes","id":"2095560000000051001","color_class":"bg-tag10"},{"name":"JS","id":"2095560000000051168","color_class":"bg-tag1"}],"sequence":2,"has_comments":"false","last_updated_time":"04-12-2023","completed_date_long":1680619402859,"completed_date_format":"04-04-2023 06:13:22 PM","comments_count":"0","name":"Pr1: SheCodes Basics Week 2 /3","id_string":"2095560000000051210","closed":true,"last_updated_time_format":"04-12-2023 01:27:13 AM","status":"completed"},{"end_date":"04-09-2023","flag":"internal","owner_id":"805006590","is_workfield_removed":false,"link":{"self":{"url":"https://projectsapi.zoho.com/restapi/portal/805006628/projects/2095560000000048229/milestones/2095560000000051582/"},"status":{"url":"https://projectsapi.zoho.com/restapi/portal/805006628/projects/2095560000000048229/milestones/2095560000000051582/status/"}},"project":{"name":"Mina Codes","id":"2095560000000048229"},"start_date_long":1680467400000,"status_det":{"name":"Completed","colorcode":"#f56b62","id":"2095560000000038023"},"end_date_long":1680985800000,"end_date_format":"04-09-2023 12:00:00 AM","completed_date":"04-10-2023","owner_zpuid":"2095560000000046003","last_updated_time_long":1681250228578,"id":2095560000000051582,"start_date":"04-03-2023","created_time_long":1678434725369,"created_time":"03-10-2023","owner_name":"minasung8","created_time_format":"03-10-2023 11:22:05 AM","start_date_format":"04-03-2023 12:00:00 AM","tags":[{"name":"Shecode Projects","id":"2095560000000051578","color_class":"bg-tag15"},{"name":"SheCodes","id":"2095560000000051001","color_class":"bg-tag10"}],"sequence":3,"has_comments":"false","last_updated_time":"04-12-2023","completed_date_long":1681118515979,"completed_date_format":"04-10-2023 12:51:55 PM","comments_count":"0","name":"Pr1: SheCodes Basics Week 3 /3","id_string":"2095560000000051582","closed":true,"last_updated_time_format":"04-12-2023 01:27:08 AM","status":"completed"},{"end_date":"04-04-2023","flag":"internal","owner_id":"805006590","is_workfield_removed":false,"link":{"self":{"url":"https://projectsapi.zoho.com/restapi/portal/805006628/projects/2095560000000048229/milestones/2095560000000062065/"},"status":{"url":"https://projectsapi.zoho.com/restapi/portal/805006628/projects/2095560000000048229/milestones/2095560000000062065/status/"}},"project":{"name":"Mina Codes","id":"2095560000000048229"},"start_date_long":1680467400000,"status_det":{"name":"Active","colorcode":"#74cb80","id":"2095560000000038009"},"end_date_long":1680640199000,"end_date_format":"04-04-2023 11:59:59 PM","owner_zpuid":"2095560000000046003","last_updated_time_long":1678718491129,"id":2095560000000062065,"start_date":"04-03-2023","created_time_long":1678718491129,"created_time":"03-13-2023","owner_name":"minasung8","created_time_format":"03-13-2023 06:11:31 PM","start_date_format":"04-03-2023 12:00:00 AM","tags":[{"name":"RA1","id":"2095560000000062021","color_class":"bg-tag12"},{"name":"RA5","id":"2095560000000062037","color_class":"bg-tag6"},{"name":"RA8","id":"2095560000000062053","color_class":"bg-tag3"},{"name":"React Basics","id":"2095560000000062017","color_class":"bg-tag12"},{"name":"RA4","id":"2095560000000062033","color_class":"bg-tag17"},{"name":"RA7","id":"2095560000000062049","color_class":"bg-tag14"},{"name":"RA3","id":"2095560000000062029","color_class":"bg-tag17"},{"name":"RA&","id":"2095560000000062045","color_class":"bg-tag4"},{"name":"RA10","id":"2095560000000062061","color_class":"bg-tag12"},{"name":"RA2","id":"2095560000000062025","color_class":"bg-tag7"},{"name":"RA6","id":"2095560000000062041","color_class":"bg-tag12"},{"name":"RA9","id":"2095560000000062057","color_class":"bg-tag11"}],"sequence":4,"has_comments":"false","last_updated_time":"03-13-2023","comments_count":"0","name":"React MS !","id_string":"2095560000000062065","closed":false,"last_updated_time_format":"03-13-2023 06:11:31 PM","status":"notcompleted"},{"end_date":"04-17-2023","flag":"internal","owner_id":"805006590","is_workfield_removed":false,"link":{"self":{"url":"https://projectsapi.zoho.com/restapi/portal/805006628/projects/2095560000000048229/milestones/2095560000000101001/"},"status":{"url":"https://projectsapi.zoho.com/restapi/portal/805006628/projects/2095560000000048229/milestones/2095560000000101001/status/"}},"project":{"name":"Mina Codes","id":"2095560000000048229"},"start_date_long":1681158600000,"status_det":{"name":"Active","colorcode":"#74cb80","id":"2095560000000038009"},"end_date_long":1681763399000,"end_date_format":"04-17-2023 11:59:59 PM","owner_zpuid":"2095560000000046003","last_updated_time_long":1683763259294,"id":2095560000000101001,"start_date":"04-11-2023","created_time_long":1681213582292,"created_time":"04-11-2023","owner_name":"minasung8","created_time_format":"04-11-2023 03:16:22 PM","start_date_format":"04-11-2023 12:00:00 AM","tags":[{"name":"Chrome","id":"2095560000000158001","color_class":"bg-tag18"}],"sequence":5,"has_comments":"false","last_updated_time":"05-11-2023","comments_count":"0","name":"Pr2: Chrome Extension Development Week#1/3","id_string":"2095560000000101001","closed":false,"last_updated_time_format":"05-11-2023 03:30:59 AM","status":"notcompleted"},{"end_date":"04-24-2023","flag":"internal","owner_id":"805006590","is_workfield_removed":false,"link":{"self":{"url":"https://projectsapi.zoho.com/restapi/portal/805006628/projects/2095560000000048229/milestones/2095560000000102001/"},"status":{"url":"https://projectsapi.zoho.com/restapi/portal/805006628/projects/2095560000000048229/milestones/2095560000000102001/status/"}},"project":{"name":"Mina Codes","id":"2095560000000048229"},"start_date_long":1681763400000,"status_det":{"name":"Active","colorcode":"#74cb80","id":"2095560000000038009"},"end_date_long":1682368199000,"end_date_format":"04-24-2023 11:59:59 PM","owner_zpuid":"2095560000000046003","last_updated_time_long":1683763254976,"id":2095560000000102001,"start_date":"04-18-2023","created_time_long":1681213719085,"created_time":"04-11-2023","owner_name":"minasung8","created_time_format":"04-11-2023 03:18:39 PM","start_date_format":"04-18-2023 12:00:00 AM","tags":[{"name":"Chrome","id":"2095560000000158001","color_class":"bg-tag18"}],"sequence":6,"has_comments":"false","last_updated_time":"05-11-2023","comments_count":"0","name":"Pr2: Chrome Extension Week#2/3","id_string":"2095560000000102001","closed":false,"last_updated_time_format":"05-11-2023 03:30:54 AM","status":"notcompleted"},{"end_date":"05-01-2023","flag":"internal","owner_id":"805006590","is_workfield_removed":false,"link":{"self":{"url":"https://projectsapi.zoho.com/restapi/portal/805006628/projects/2095560000000048229/milestones/2095560000000103001/"},"status":{"url":"https://projectsapi.zoho.com/restapi/portal/805006628/projects/2095560000000048229/milestones/2095560000000103001/status/"}},"project":{"name":"Mina Codes","id":"2095560000000048229"},"start_date_long":1682368200000,"status_det":{"name":"Active","colorcode":"#74cb80","id":"2095560000000038009"},"end_date_long":1682972999000,"end_date_format":"05-01-2023 11:59:59 PM","owner_zpuid":"2095560000000046003","last_updated_time_long":1683763244816,"id":2095560000000103001,"start_date":"04-25-2023","created_time_long":1681213785895,"created_time":"04-11-2023","owner_name":"minasung8","created_time_format":"04-11-2023 03:19:45 PM","start_date_format":"04-25-2023 12:00:00 AM","tags":[{"name":"Chrome","id":"2095560000000158001","color_class":"bg-tag18"}],"sequence":7,"has_comments":"false","last_updated_time":"05-11-2023","comments_count":"0","name":"Pr2: Chrome Extension Week#3/3","id_string":"2095560000000103001","closed":false,"last_updated_time_format":"05-11-2023 03:30:44 AM","status":"notcompleted"},{"end_date":"04-12-2023","flag":"internal","owner_id":"805006590","is_workfield_removed":false,"link":{"self":{"url":"https://projectsapi.zoho.com/restapi/portal/805006628/projects/2095560000000048229/milestones/2095560000000112011/"},"status":{"url":"https://projectsapi.zoho.com/restapi/portal/805006628/projects/2095560000000048229/milestones/2095560000000112011/status/"}},"project":{"name":"Mina Codes","id":"2095560000000048229"},"start_date_long":1681245000000,"status_det":{"name":"Completed","colorcode":"#f56b62","id":"2095560000000038023"},"end_date_long":1681331399000,"end_date_format":"04-12-2023 11:59:59 PM","completed_date":"09-02-2023","owner_zpuid":"2095560000000046003","last_updated_time_long":1693604906003,"id":2095560000000112011,"start_date":"04-12-2023","created_time_long":1681311881930,"created_time":"04-12-2023","owner_name":"minasung8","created_time_format":"04-12-2023 06:34:41 PM","start_date_format":"04-12-2023 12:00:00 AM","tags":[{"name":"SheCodes","id":"2095560000000051001","color_class":"bg-tag10"},{"name":"HTML Basics","id":"2095560000000112141","color_class":"bg-tag20"},{"name":"HTML","id":"2095560000000051144","color_class":"bg-tag18"}],"sequence":9,"has_comments":"false","last_updated_time":"09-02-2023","completed_date_long":1693604905998,"completed_date_format":"09-02-2023 01:18:25 AM","comments_count":"0","name":"Pr4: SheCodes Plus Week #1/8","id_string":"2095560000000112011","closed":true,"last_updated_time_format":"09-02-2023 01:18:26 AM","status":"completed"},{"end_date":"04-12-2023","flag":"internal","owner_id":"805006590","is_workfield_removed":false,"link":{"self":{"url":"https://projectsapi.zoho.com/restapi/portal/805006628/projects/2095560000000048229/milestones/2095560000000112027/"},"status":{"url":"https://projectsapi.zoho.com/restapi/portal/805006628/projects/2095560000000048229/milestones/2095560000000112027/status/"}},"project":{"name":"Mina Codes","id":"2095560000000048229"},"start_date_long":1681245000000,"status_det":{"name":"Completed","colorcode":"#f56b62","id":"2095560000000038023"},"end_date_long":1681331399000,"end_date_format":"04-12-2023 11:59:59 PM","completed_date":"09-02-2023","owner_zpuid":"2095560000000046003","last_updated_time_long":1693604905998,"id":2095560000000112027,"start_date":"04-12-2023","created_time_long":1681312394463,"created_time":"04-12-2023","owner_name":"minasung8","created_time_format":"04-12-2023 06:43:14 PM","start_date_format":"04-12-2023 12:00:00 AM","tags":[{"name":"SheCodes","id":"2095560000000051001","color_class":"bg-tag10"},{"name":"Advanced HTML","id":"2095560000000112161","color_class":"bg-tag15"}],"sequence":10,"has_comments":"false","last_updated_time":"09-02-2023","completed_date_long":1693604905994,"completed_date_format":"09-02-2023 01:18:25 AM","comments_count":"0","name":"Pr4: SheCodes Plus Week #2/8","id_string":"2095560000000112027","closed":true,"last_updated_time_format":"09-02-2023 01:18:25 AM","status":"completed"},{"end_date":"04-12-2023","flag":"internal","owner_id":"805006590","is_workfield_removed":false,"link":{"self":{"url":"https://projectsapi.zoho.com/restapi/portal/805006628/projects/2095560000000048229/milestones/2095560000000112033/"},"status":{"url":"https://projectsapi.zoho.com/restapi/portal/805006628/projects/2095560000000048229/milestones/2095560000000112033/status/"}},"project":{"name":"Mina Codes","id":"2095560000000048229"},"start_date_long":1681245000000,"status_det":{"name":"Completed","colorcode":"#f56b62","id":"2095560000000038023"},"end_date_long":1681331399000,"end_date_format":"04-12-2023 11:59:59 PM","completed_date":"09-02-2023","owner_zpuid":"2095560000000046003","last_updated_time_long":1693604905979,"id":2095560000000112033,"start_date":"04-12-2023","created_time_long":1681312406861,"created_time":"04-12-2023","owner_name":"minasung8","created_time_format":"04-12-2023 06:43:26 PM","start_date_format":"04-12-2023 12:00:00 AM","tags":[{"name":"SheCodes","id":"2095560000000051001","color_class":"bg-tag10"},{"name":"CSS Basics","id":"2095560000000112193","color_class":"bg-tag8"}],"sequence":11,"has_comments":"false","last_updated_time":"09-02-2023","completed_date_long":1693604905974,"completed_date_format":"09-02-2023 01:18:25 AM","comments_count":"0","name":"Pr4: SheCodes Plus Week #3/8","id_string":"2095560000000112033","closed":true,"last_updated_time_format":"09-02-2023 01:18:25 AM","status":"completed"},{"end_date":"04-12-2023","flag":"internal","owner_id":"805006590","is_workfield_removed":false,"link":{"self":{"url":"https://projectsapi.zoho.com/restapi/portal/805006628/projects/2095560000000048229/milestones/2095560000000112039/"},"status":{"url":"https://projectsapi.zoho.com/restapi/portal/805006628/projects/2095560000000048229/milestones/2095560000000112039/status/"}},"project":{"name":"Mina Codes","id":"2095560000000048229"},"start_date_long":1681245000000,"status_det":{"name":"Completed","colorcode":"#f56b62","id":"2095560000000038023"},"end_date_long":1681331399000,"end_date_format":"04-12-2023 11:59:59 PM","completed_date":"09-02-2023","owner_zpuid":"2095560000000046003","last_updated_time_long":1693604905974,"id":2095560000000112039,"start_date":"04-12-2023","created_time_long":1681312417466,"created_time":"04-12-2023","owner_name":"minasung8","created_time_format":"04-12-2023 06:43:37 PM","start_date_format":"04-12-2023 12:00:00 AM","tags":[{"name":"SheCodes","id":"2095560000000051001","color_class":"bg-tag10"},{"name":"Advanced CSS","id":"2095560000000112229","color_class":"bg-tag10"}],"sequence":12,"has_comments":"false","last_updated_time":"09-02-2023","completed_date_long":1693604905969,"completed_date_format":"09-02-2023 01:18:25 AM","comments_count":"0","name":"Pr4: SheCodes Plus Week #4/8","id_string":"2095560000000112039","closed":true,"last_updated_time_format":"09-02-2023 01:18:25 AM","status":"completed"},{"end_date":"04-12-2023","flag":"internal","owner_id":"805006590","is_workfield_removed":false,"link":{"self":{"url":"https://projectsapi.zoho.com/restapi/portal/805006628/projects/2095560000000048229/milestones/2095560000000112045/"},"status":{"url":"https://projectsapi.zoho.com/restapi/portal/805006628/projects/2095560000000048229/milestones/2095560000000112045/status/"}},"project":{"name":"Mina Codes","id":"2095560000000048229"},"start_date_long":1681245000000,"status_det":{"name":"Completed","colorcode":"#f56b62","id":"2095560000000038023"},"end_date_long":1681331399000,"end_date_format":"04-12-2023 11:59:59 PM","completed_date":"09-02-2023","owner_zpuid":"2095560000000046003","last_updated_time_long":1693604905987,"id":2095560000000112045,"start_date":"04-12-2023","created_time_long":1681312427789,"created_time":"04-12-2023","owner_name":"minasung8","created_time_format":"04-12-2023 06:43:47 PM","start_date_format":"04-12-2023 12:00:00 AM","tags":[{"name":"SheCodes","id":"2095560000000051001","color_class":"bg-tag10"},{"name":"JavaScript Basics","id":"2095560000000112261","color_class":"bg-tag14"},{"name":"JS","id":"2095560000000051168","color_class":"bg-tag1"}],"sequence":13,"has_comments":"false","last_updated_time":"09-02-2023","completed_date_long":1693604905983,"completed_date_format":"09-02-2023 01:18:25 AM","comments_count":"0","name":"Pr4: SheCodes Plus Week #5/8","id_string":"2095560000000112045","closed":true,"last_updated_time_format":"09-02-2023 01:18:25 AM","status":"completed"},{"end_date":"04-12-2023","flag":"internal","owner_id":"805006590","is_workfield_removed":false,"link":{"self":{"url":"https://projectsapi.zoho.com/restapi/portal/805006628/projects/2095560000000048229/milestones/2095560000000112051/"},"status":{"url":"https://projectsapi.zoho.com/restapi/portal/805006628/projects/2095560000000048229/milestones/2095560000000112051/status/"}},"project":{"name":"Mina Codes","id":"2095560000000048229"},"start_date_long":1681245000000,"status_det":{"name":"Completed","colorcode":"#f56b62","id":"2095560000000038023"},"end_date_long":1681331399000,"end_date_format":"04-12-2023 11:59:59 PM","completed_date":"09-02-2023","owner_zpuid":"2095560000000046003","last_updated_time_long":1693604905983,"id":2095560000000112051,"start_date":"04-12-2023","created_time_long":1681312446612,"created_time":"04-12-2023","owner_name":"minasung8","created_time_format":"04-12-2023 06:44:06 PM","start_date_format":"04-12-2023 12:00:00 AM","tags":[{"name":"SheCodes","id":"2095560000000051001","color_class":"bg-tag10"},{"name":"Intermediate JavaScript","id":"2095560000000112289","color_class":"bg-tag14"},{"name":"JS","id":"2095560000000051168","color_class":"bg-tag1"}],"sequence":14,"has_comments":"false","last_updated_time":"09-02-2023","completed_date_long":1693604905979,"completed_date_format":"09-02-2023 01:18:25 AM","comments_count":"0","name":"Pr4: SheCodes Plus Week #6/8","id_string":"2095560000000112051","closed":true,"last_updated_time_format":"09-02-2023 01:18:25 AM","status":"completed"},{"end_date":"04-12-2023","flag":"internal","owner_id":"805006590","is_workfield_removed":false,"link":{"self":{"url":"https://projectsapi.zoho.com/restapi/portal/805006628/projects/2095560000000048229/milestones/2095560000000112057/"},"status":{"url":"https://projectsapi.zoho.com/restapi/portal/805006628/projects/2095560000000048229/milestones/2095560000000112057/status/"}},"project":{"name":"Mina Codes","id":"2095560000000048229"},"start_date_long":1681245000000,"status_det":{"name":"Completed","colorcode":"#f56b62","id":"2095560000000038023"},"end_date_long":1681331399000,"end_date_format":"04-12-2023 11:59:59 PM","completed_date":"09-02-2023","owner_zpuid":"2095560000000046003","last_updated_time_long":1693604905994,"id":2095560000000112057,"start_date":"04-12-2023","created_time_long":1681312458974,"created_time":"04-12-2023","owner_name":"minasung8","created_time_format":"04-12-2023 06:44:18 PM","start_date_format":"04-12-2023 12:00:00 AM","tags":[{"name":"SheCodes","id":"2095560000000051001","color_class":"bg-tag10"},{"name":"Advanced JavaScript","id":"2095560000000112321","color_class":"bg-tag11"},{"name":"JS","id":"2095560000000051168","color_class":"bg-tag1"}],"sequence":15,"has_comments":"false","last_updated_time":"09-02-2023","completed_date_long":1693604905990,"completed_date_format":"09-02-2023 01:18:25 AM","comments_count":"0","name":"Pr4: SheCodes Plus Week #7/8","id_string":"2095560000000112057","closed":true,"last_updated_time_format":"09-02-2023 01:18:25 AM","status":"completed"},{"end_date":"04-12-2023","flag":"internal","owner_id":"805006590","is_workfield_removed":false,"link":{"self":{"url":"https://projectsapi.zoho.com/restapi/portal/805006628/projects/2095560000000048229/milestones/2095560000000112063/"},"status":{"url":"https://projectsapi.zoho.com/restapi/portal/805006628/projects/2095560000000048229/milestones/2095560000000112063/status/"}},"project":{"name":"Mina Codes","id":"2095560000000048229"},"start_date_long":1681245000000,"status_det":{"name":"Completed","colorcode":"#f56b62","id":"2095560000000038023"},"end_date_long":1681331399000,"end_date_format":"04-12-2023 11:59:59 PM","completed_date":"09-02-2023","owner_zpuid":"2095560000000046003","last_updated_time_long":1693604905990,"id":2095560000000112063,"start_date":"04-12-2023","created_time_long":1681312470034,"created_time":"04-12-2023","owner_name":"minasung8","created_time_format":"04-12-2023 06:44:30 PM","start_date_format":"04-12-2023 12:00:00 AM","tags":[{"name":"SheCodes","id":"2095560000000051001","color_class":"bg-tag10"},{"name":"Shecode Projects","id":"2095560000000051578","color_class":"bg-tag15"},{"name":"Portfolio","id":"2095560000000112365","color_class":"bg-tag9"}],"sequence":16,"has_comments":"false","last_updated_time":"09-02-2023","completed_date_long":1693604905987,"completed_date_format":"09-02-2023 01:18:25 AM","comments_count":"0","name":"Pr4: SheCodes Plus Week #8/8","id_string":"2095560000000112063","closed":true,"last_updated_time_format":"09-02-2023 01:18:25 AM","status":"completed"},{"end_date":"07-05-2023","flag":"internal","owner_id":"805006590","is_workfield_removed":false,"link":{"self":{"url":"https://projectsapi.zoho.com/restapi/portal/805006628/projects/2095560000000048229/milestones/2095560000000196005/"},"status":{"url":"https://projectsapi.zoho.com/restapi/portal/805006628/projects/2095560000000048229/milestones/2095560000000196005/status/"}},"project":{"name":"Mina Codes","id":"2095560000000048229"},"start_date_long":1688502600000,"status_det":{"name":"Active","colorcode":"#74cb80","id":"2095560000000038009"},"end_date_long":1688502600000,"end_date_format":"07-05-2023 12:00:00 AM","owner_zpuid":"2095560000000046003","last_updated_time_long":1688563777425,"id":2095560000000196005,"start_date":"07-05-2023","created_time_long":1688563777425,"created_time":"07-05-2023","owner_name":"minasung8","created_time_format":"07-05-2023 04:59:37 PM","start_date_format":"07-05-2023 12:00:00 AM","tags":[],"sequence":18,"has_comments":"false","last_updated_time":"07-05-2023","comments_count":"0","name":"Pr5: FreeCodeCamp \u2013 ResWebDes","id_string":"2095560000000196005","closed":false,"last_updated_time_format":"07-05-2023 04:59:37 PM","status":"notcompleted"},{"end_date":"07-04-2023","flag":"internal","owner_id":"805006590","is_workfield_removed":false,"link":{"self":{"url":"https://projectsapi.zoho.com/restapi/portal/805006628/projects/2095560000000048229/milestones/2095560000000197005/"},"status":{"url":"https://projectsapi.zoho.com/restapi/portal/805006628/projects/2095560000000048229/milestones/2095560000000197005/status/"}},"project":{"name":"Mina Codes","id":"2095560000000048229"},"start_date_long":1688416200000,"status_det":{"name":"Active","colorcode":"#74cb80","id":"2095560000000038009"},"end_date_long":1688416200000,"end_date_format":"07-04-2023 12:00:00 AM","owner_zpuid":"2095560000000046003","last_updated_time_long":1688501896207,"id":2095560000000197005,"start_date":"07-04-2023","created_time_long":1688501896207,"created_time":"07-04-2023","owner_name":"minasung8","created_time_format":"07-04-2023 11:48:16 PM","start_date_format":"07-04-2023 12:00:00 AM","tags":[],"sequence":17,"has_comments":"false","last_updated_time":"07-04-2023","comments_count":"0","name":"Pr3: Rust Completion","id_string":"2095560000000197005","closed":false,"last_updated_time_format":"07-04-2023 11:48:16 PM","status":"notcompleted"},{"end_date":"07-04-2023","flag":"internal","owner_id":"805006590","is_workfield_removed":false,"link":{"self":{"url":"https://projectsapi.zoho.com/restapi/portal/805006628/projects/2095560000000048229/milestones/2095560000000197009/"},"status":{"url":"https://projectsapi.zoho.com/restapi/portal/805006628/projects/2095560000000048229/milestones/2095560000000197009/status/"}},"project":{"name":"Mina Codes","id":"2095560000000048229"},"start_date_long":1688416200000,"status_det":{"name":"Active","colorcode":"#74cb80","id":"2095560000000038009"},"end_date_long":1688416200000,"end_date_format":"07-04-2023 12:00:00 AM","owner_zpuid":"2095560000000046003","last_updated_time_long":1688501896256,"id":2095560000000197009,"start_date":"07-04-2023","created_time_long":1688501896256,"created_time":"07-04-2023","owner_name":"minasung8","created_time_format":"07-04-2023 11:48:16 PM","start_date_format":"07-04-2023 12:00:00 AM","tags":[],"sequence":17,"has_comments":"false","last_updated_time":"07-04-2023","comments_count":"0","name":"Pr3: Rust Final Projec Part two","id_string":"2095560000000197009","closed":false,"last_updated_time_format":"07-04-2023 11:48:16 PM","status":"notcompleted"},{"end_date":"07-04-2023","flag":"internal","owner_id":"805006590","is_workfield_removed":false,"link":{"self":{"url":"https://projectsapi.zoho.com/restapi/portal/805006628/projects/2095560000000048229/milestones/2095560000000197013/"},"status":{"url":"https://projectsapi.zoho.com/restapi/portal/805006628/projects/2095560000000048229/milestones/2095560000000197013/status/"}},"project":{"name":"Mina Codes","id":"2095560000000048229"},"start_date_long":1688416200000,"status_det":{"name":"Active","colorcode":"#74cb80","id":"2095560000000038009"},"end_date_long":1688416200000,"end_date_format":"07-04-2023 12:00:00 AM","owner_zpuid":"2095560000000046003","last_updated_time_long":1688501896283,"id":2095560000000197013,"start_date":"07-04-2023","created_time_long":1688501896283,"created_time":"07-04-2023","owner_name":"minasung8","created_time_format":"07-04-2023 11:48:16 PM","start_date_format":"07-04-2023 12:00:00 AM","tags":[],"sequence":17,"has_comments":"false","last_updated_time":"07-04-2023","comments_count":"0","name":"Pr3: Rust Final Project","id_string":"2095560000000197013","closed":false,"last_updated_time_format":"07-04-2023 11:48:16 PM","status":"notcompleted"},{"end_date":"07-04-2023","flag":"internal","owner_id":"805006590","is_workfield_removed":false,"link":{"self":{"url":"https://projectsapi.zoho.com/restapi/portal/805006628/projects/2095560000000048229/milestones/2095560000000197017/"},"status":{"url":"https://projectsapi.zoho.com/restapi/portal/805006628/projects/2095560000000048229/milestones/2095560000000197017/status/"}},"project":{"name":"Mina Codes","id":"2095560000000048229"},"start_date_long":1688416200000,"status_det":{"name":"Active","colorcode":"#74cb80","id":"2095560000000038009"},"end_date_long":1688416200000,"end_date_format":"07-04-2023 12:00:00 AM","owner_zpuid":"2095560000000046003","last_updated_time_long":1688501896310,"id":2095560000000197017,"start_date":"07-04-2023","created_time_long":1688501896310,"created_time":"07-04-2023","owner_name":"minasung8","created_time_format":"07-04-2023 11:48:16 PM","start_date_format":"07-04-2023 12:00:00 AM","tags":[],"sequence":17,"has_comments":"false","last_updated_time":"07-04-2023","comments_count":"0","name":"Pr3: Rust Libraries","id_string":"2095560000000197017","closed":false,"last_updated_time_format":"07-04-2023 11:48:16 PM","status":"notcompleted"},{"end_date":"07-04-2023","flag":"internal","owner_id":"805006590","is_workfield_removed":false,"link":{"self":{"url":"https://projectsapi.zoho.com/restapi/portal/805006628/projects/2095560000000048229/milestones/2095560000000197021/"},"status":{"url":"https://projectsapi.zoho.com/restapi/portal/805006628/projects/2095560000000048229/milestones/2095560000000197021/status/"}},"project":{"name":"Mina Codes","id":"2095560000000048229"},"start_date_long":1688416200000,"status_det":{"name":"Active","colorcode":"#74cb80","id":"2095560000000038009"},"end_date_long":1688416200000,"end_date_format":"07-04-2023 12:00:00 AM","owner_zpuid":"2095560000000046003","last_updated_time_long":1688501896331,"id":2095560000000197021,"start_date":"07-04-2023","created_time_long":1688501896331,"created_time":"07-04-2023","owner_name":"minasung8","created_time_format":"07-04-2023 11:48:16 PM","start_date_format":"07-04-2023 12:00:00 AM","tags":[],"sequence":17,"has_comments":"false","last_updated_time":"07-04-2023","comments_count":"0","name":"Pr3: Rust Better Coding","id_string":"2095560000000197021","closed":false,"last_updated_time_format":"07-04-2023 11:48:16 PM","status":"notcompleted"},{"end_date":"07-04-2023","flag":"internal","owner_id":"805006590","is_workfield_removed":false,"link":{"self":{"url":"https://projectsapi.zoho.com/restapi/portal/805006628/projects/2095560000000048229/milestones/2095560000000197025/"},"status":{"url":"https://projectsapi.zoho.com/restapi/portal/805006628/projects/2095560000000048229/milestones/2095560000000197025/status/"}},"project":{"name":"Mina Codes","id":"2095560000000048229"},"start_date_long":1688416200000,"status_det":{"name":"Active","colorcode":"#74cb80","id":"2095560000000038009"},"end_date_long":1688416200000,"end_date_format":"07-04-2023 12:00:00 AM","owner_zpuid":"2095560000000046003","last_updated_time_long":1688501896357,"id":2095560000000197025,"start_date":"07-04-2023","created_time_long":1688501896357,"created_time":"07-04-2023","owner_name":"minasung8","created_time_format":"07-04-2023 11:48:16 PM","start_date_format":"07-04-2023 12:00:00 AM","tags":[],"sequence":17,"has_comments":"false","last_updated_time":"07-04-2023","comments_count":"0","name":"Pr3: Rust Online Tools + Project","id_string":"2095560000000197025","closed":false,"last_updated_time_format":"07-04-2023 11:48:16 PM","status":"notcompleted"},{"end_date":"07-04-2023","flag":"internal","owner_id":"805006590","is_workfield_removed":false,"link":{"self":{"url":"https://projectsapi.zoho.com/restapi/portal/805006628/projects/2095560000000048229/milestones/2095560000000197029/"},"status":{"url":"https://projectsapi.zoho.com/restapi/portal/805006628/projects/2095560000000048229/milestones/2095560000000197029/status/"}},"project":{"name":"Mina Codes","id":"2095560000000048229"},"start_date_long":1688416200000,"status_det":{"name":"Active","colorcode":"#74cb80","id":"2095560000000038009"},"end_date_long":1688416200000,"end_date_format":"07-04-2023 12:00:00 AM","owner_zpuid":"2095560000000046003","last_updated_time_long":1688501896379,"id":2095560000000197029,"start_date":"07-04-2023","created_time_long":1688501896379,"created_time":"07-04-2023","owner_name":"minasung8","created_time_format":"07-04-2023 11:48:16 PM","start_date_format":"07-04-2023 12:00:00 AM","tags":[],"sequence":17,"has_comments":"false","last_updated_time":"07-04-2023","comments_count":"0","name":"Pr3: Rust Data & Functions","id_string":"2095560000000197029","closed":false,"last_updated_time_format":"07-04-2023 11:48:16 PM","status":"notcompleted"},{"end_date":"07-04-2023","flag":"internal","owner_id":"805006590","is_workfield_removed":false,"link":{"self":{"url":"https://projectsapi.zoho.com/restapi/portal/805006628/projects/2095560000000048229/milestones/2095560000000197033/"},"status":{"url":"https://projectsapi.zoho.com/restapi/portal/805006628/projects/2095560000000048229/milestones/2095560000000197033/status/"}},"project":{"name":"Mina Codes","id":"2095560000000048229"},"start_date_long":1688416200000,"status_det":{"name":"Active","colorcode":"#74cb80","id":"2095560000000038009"},"end_date_long":1688416200000,"end_date_format":"07-04-2023 12:00:00 AM","owner_zpuid":"2095560000000046003","last_updated_time_long":1688501896402,"id":2095560000000197033,"start_date":"07-04-2023","created_time_long":1688501896402,"created_time":"07-04-2023","owner_name":"minasung8","created_time_format":"07-04-2023 11:48:16 PM","start_date_format":"07-04-2023 12:00:00 AM","tags":[],"sequence":17,"has_comments":"false","last_updated_time":"07-04-2023","comments_count":"0","name":"Pr3: Rust lang Review Basics","id_string":"2095560000000197033","closed":false,"last_updated_time_format":"07-04-2023 11:48:16 PM","status":"notcompleted"},{"end_date":"09-01-2023","flag":"internal","owner_id":"805006590","is_workfield_removed":false,"link":{"self":{"url":"https://projectsapi.zoho.com/restapi/portal/805006628/projects/2095560000000048229/milestones/2095560000000236001/"},"status":{"url":"https://projectsapi.zoho.com/restapi/portal/805006628/projects/2095560000000048229/milestones/2095560000000236001/status/"}},"project":{"name":"Mina Codes","id":"2095560000000048229"},"start_date_long":1693513800000,"status_det":{"name":"Active","colorcode":"#74cb80","id":"2095560000000038009"},"end_date_long":1693513800000,"end_date_format":"09-01-2023 12:00:00 AM","owner_zpuid":"2095560000000046003","last_updated_time_long":1693540673410,"id":2095560000000236001,"start_date":"09-01-2023","created_time_long":1693540673410,"created_time":"09-01-2023","owner_name":"minasung8","created_time_format":"09-01-2023 07:27:53 AM","start_date_format":"09-01-2023 12:00:00 AM","tags":[],"sequence":19,"has_comments":"false","last_updated_time":"09-01-2023","comments_count":"0","name":"Pr6: GooDevTraining \u2013 Android Basics with Compose #1/4","id_string":"2095560000000236001","closed":false,"last_updated_time_format":"09-01-2023 07:27:53 AM","status":"notcompleted"},{"end_date":"09-01-2023","flag":"internal","owner_id":"805006590","is_workfield_removed":false,"link":{"self":{"url":"https://projectsapi.zoho.com/restapi/portal/805006628/projects/2095560000000048229/milestones/2095560000000236695/"},"status":{"url":"https://projectsapi.zoho.com/restapi/portal/805006628/projects/2095560000000048229/milestones/2095560000000236695/status/"}},"project":{"name":"Mina Codes","id":"2095560000000048229"},"start_date_long":1693513800000,"status_det":{"name":"Active","colorcode":"#74cb80","id":"2095560000000038009"},"end_date_long":1693513800000,"end_date_format":"09-01-2023 12:00:00 AM","owner_zpuid":"2095560000000046003","last_updated_time_long":1693598143185,"id":2095560000000236695,"start_date":"09-01-2023","created_time_long":1693598143185,"created_time":"09-01-2023","owner_name":"minasung8","created_time_format":"09-01-2023 11:25:43 PM","start_date_format":"09-01-2023 12:00:00 AM","tags":[],"sequence":23,"has_comments":"false","last_updated_time":"09-01-2023","comments_count":"0","name":"Pr5: SheCodesWorkshops \u2013 ResWebDes","id_string":"2095560000000236695","closed":false,"last_updated_time_format":"09-01-2023 11:25:43 PM","status":"notcompleted"},{"end_date":"09-01-2023","flag":"internal","owner_id":"805006590","is_workfield_removed":false,"link":{"self":{"url":"https://projectsapi.zoho.com/restapi/portal/805006628/projects/2095560000000048229/milestones/2095560000000240001/"},"status":{"url":"https://projectsapi.zoho.com/restapi/portal/805006628/projects/2095560000000048229/milestones/2095560000000240001/status/"}},"project":{"name":"Mina Codes","id":"2095560000000048229"},"start_date_long":1693513800000,"status_det":{"name":"Active","colorcode":"#74cb80","id":"2095560000000038009"},"end_date_long":1693513800000,"end_date_format":"09-01-2023 12:00:00 AM","owner_zpuid":"2095560000000046003","last_updated_time_long":1693581142182,"id":2095560000000240001,"start_date":"09-01-2023","created_time_long":1693581142182,"created_time":"09-01-2023","owner_name":"minasung8","created_time_format":"09-01-2023 06:42:22 PM","start_date_format":"09-01-2023 12:00:00 AM","tags":[],"sequence":20,"has_comments":"false","last_updated_time":"09-01-2023","comments_count":"0","name":"Pr6: GooDevTraining \u2013 Android Basics with Compose #2/4","id_string":"2095560000000240001","closed":false,"last_updated_time_format":"09-01-2023 06:42:22 PM","status":"notcompleted"},{"end_date":"09-01-2023","flag":"internal","owner_id":"805006590","is_workfield_removed":false,"link":{"self":{"url":"https://projectsapi.zoho.com/restapi/portal/805006628/projects/2095560000000048229/milestones/2095560000000240455/"},"status":{"url":"https://projectsapi.zoho.com/restapi/portal/805006628/projects/2095560000000048229/milestones/2095560000000240455/status/"}},"project":{"name":"Mina Codes","id":"2095560000000048229"},"start_date_long":1693513800000,"status_det":{"name":"Active","colorcode":"#74cb80","id":"2095560000000038009"},"end_date_long":1693513800000,"end_date_format":"09-01-2023 12:00:00 AM","owner_zpuid":"2095560000000046003","last_updated_time_long":1693583426197,"id":2095560000000240455,"start_date":"09-01-2023","created_time_long":1693583426197,"created_time":"09-01-2023","owner_name":"minasung8","created_time_format":"09-01-2023 07:20:26 PM","start_date_format":"09-01-2023 12:00:00 AM","tags":[],"sequence":21,"has_comments":"false","last_updated_time":"09-01-2023","comments_count":"0","name":"Pr6: GooDevTraining \u2013 Android Basics with Compose #3/4","id_string":"2095560000000240455","closed":false,"last_updated_time_format":"09-01-2023 07:20:26 PM","status":"notcompleted"},{"end_date":"09-01-2023","flag":"internal","owner_id":"805006590","is_workfield_removed":false,"link":{"self":{"url":"https://projectsapi.zoho.com/restapi/portal/805006628/projects/2095560000000048229/milestones/2095560000000240796/"},"status":{"url":"https://projectsapi.zoho.com/restapi/portal/805006628/projects/2095560000000048229/milestones/2095560000000240796/status/"}},"project":{"name":"Mina Codes","id":"2095560000000048229"},"start_date_long":1693513800000,"status_det":{"name":"Active","colorcode":"#74cb80","id":"2095560000000038009"},"end_date_long":1693513800000,"end_date_format":"09-01-2023 12:00:00 AM","owner_zpuid":"2095560000000046003","last_updated_time_long":1693584079152,"id":2095560000000240796,"start_date":"09-01-2023","created_time_long":1693584079152,"created_time":"09-01-2023","owner_name":"minasung8","created_time_format":"09-01-2023 07:31:19 PM","start_date_format":"09-01-2023 12:00:00 AM","tags":[],"sequence":22,"has_comments":"false","last_updated_time":"09-01-2023","comments_count":"0","name":"Pr6: GooDevTraining \u2013 Android Basics with Compose #4/4","id_string":"2095560000000240796","closed":false,"last_updated_time_format":"09-01-2023 07:31:19 PM","status":"notcompleted"}]}
